{
	"credit": "Made with Blockbench",
	"textures": {
		"0": "gun_ammo/ak47",
		"particle": "gun_ammo/ak47"
	},
	"elements": [
		{
			"name": "octagon",
			"from": [7.48223, 5.25, 12],
			"to": [8.51777, 6.75, 22],
			"rotation": {"angle": 45, "axis": "z", "origin": [8, 5.5, 21]},
			"faces": {
				"north": {"uv": [15, 15, 16, 16], "texture": "#0"},
				"east": {"uv": [15, 15, 16, 16], "texture": "#0"},
				"south": {"uv": [14, 14, 15, 16], "texture": "#0"},
				"west": {"uv": [15, 15, 16, 16], "texture": "#0"},
				"up": {"uv": [15, 5, 16, 15], "texture": "#0"},
				"down": {"uv": [15, 15, 16, 16], "texture": "#0"}
			}
		},
		{
			"name": "octagon",
			"from": [7.48223, 2.25, 20],
			"to": [8.51777, 6.75, 22],
			"rotation": {"angle": 0, "axis": "z", "origin": [8, 5.5, 21]},
			"faces": {
				"north": {"uv": [15, 15, 16, 16], "texture": "#0"},
				"east": {"uv": [15, 15, 16, 16], "texture": "#0"},
				"south": {"uv": [15, 15, 16, 16], "texture": "#0"},
				"west": {"uv": [15, 15, 16, 16], "texture": "#0"},
				"up": {"uv": [15, 14, 16, 16], "texture": "#0"},
				"down": {"uv": [15, 15, 16, 16], "texture": "#0"}
			}
		},
		{
			"name": "octagon",
			"from": [7.48223, 5.25, 12],
			"to": [8.51777, 6.75, 20],
			"rotation": {"angle": 0, "axis": "y", "origin": [8, 5.5, 21]},
			"faces": {
				"north": {"uv": [15, 15, 16, 16], "texture": "#0"},
				"east": {"uv": [15, 15, 16, 16], "texture": "#0"},
				"south": {"uv": [15, 15, 16, 16], "texture": "#0"},
				"west": {"uv": [15, 15, 16, 16], "texture": "#0"},
				"up": {"uv": [15, 6, 16, 14], "texture": "#0"},
				"down": {"uv": [15, 15, 16, 16], "texture": "#0"}
			}
		},
		{
			"name": "octagon",
			"from": [7.75, 4.98223, 12],
			"to": [9.25, 6.01777, 22],
			"rotation": {"angle": 45, "axis": "z", "origin": [8, 5.5, 21]},
			"faces": {
				"north": {"uv": [15, 15, 16, 16], "texture": "#0"},
				"east": {"uv": [6, 15, 16, 16], "texture": "#0"},
				"south": {"uv": [13, 14, 15, 15], "texture": "#0"},
				"west": {"uv": [15, 15, 16, 16], "texture": "#0"},
				"up": {"uv": [15, 15, 16, 16], "texture": "#0"},
				"down": {"uv": [15, 15, 16, 16], "texture": "#0"}
			}
		},
		{
			"name": "octagon",
			"from": [6.08223, 2.85, 20],
			"to": [7.11777, 5.35, 22],
			"rotation": {"angle": 45, "axis": "z", "origin": [8, 5.5, 21]},
			"faces": {
				"north": {"uv": [15, 15, 16, 16], "texture": "#0"},
				"east": {"uv": [15, 15, 16, 16], "texture": "#0"},
				"south": {"uv": [15, 15, 16, 16], "texture": "#0"},
				"west": {"uv": [15, 15, 16, 16], "texture": "#0"},
				"up": {"uv": [15, 15, 16, 16], "texture": "#0"},
				"down": {"uv": [15, 15, 16, 16], "texture": "#0"}
			}
		},
		{
			"name": "octagon",
			"from": [5.35, 3.58223, 20],
			"to": [7.85, 4.61777, 22],
			"rotation": {"angle": 45, "axis": "z", "origin": [8, 5.5, 21]},
			"faces": {
				"north": {"uv": [15, 15, 16, 16], "texture": "#0"},
				"east": {"uv": [15, 15, 16, 16], "texture": "#0"},
				"south": {"uv": [15, 15, 16, 16], "texture": "#0"},
				"west": {"uv": [15, 15, 16, 16], "texture": "#0"},
				"up": {"uv": [15, 15, 16, 16], "texture": "#0"},
				"down": {"uv": [15, 15, 16, 16], "texture": "#0"}
			}
		},
		{
			"name": "octagon",
			"from": [6.75, 2.98223, 20.01],
			"to": [9.25, 6.01777, 22.01],
			"rotation": {"angle": 0, "axis": "z", "origin": [8, 5.5, 21]},
			"faces": {
				"north": {"uv": [15, 15, 16, 16], "texture": "#0"},
				"east": {"uv": [14, 13.25, 16, 15.75], "texture": "#0"},
				"south": {"uv": [14, 13, 16, 16], "texture": "#0"},
				"west": {"uv": [14, 13.25, 16, 15.75], "texture": "#0"},
				"up": {"uv": [15, 15, 16, 16], "texture": "#0"},
				"down": {"uv": [15, 15, 16, 16], "texture": "#0"}
			}
		},
		{
			"from": [6.75, 4.25, 12],
			"to": [9.25, 6, 20],
			"faces": {
				"north": {"uv": [13.5, 14.25, 16, 16], "texture": "#0"},
				"east": {"uv": [8, 14.25, 16, 16], "texture": "#0"},
				"south": {"uv": [13.5, 14.25, 16, 16], "texture": "#0"},
				"west": {"uv": [8, 14.25, 16, 16], "texture": "#0"},
				"up": {"uv": [13.5, 8, 16, 16], "texture": "#0"},
				"down": {"uv": [13.5, 8, 16, 16], "texture": "#0"}
			}
		},
		{
			"from": [6.76, 3.33076, 15.68995],
			"to": [9.26, 4.63076, 20.48995],
			"rotation": {"angle": 22.5, "axis": "x", "origin": [8.01, 4.08076, 19.48995]},
			"faces": {
				"north": {"uv": [13.5, 14.7, 16, 16], "texture": "#0"},
				"east": {"uv": [11, 14.7, 16, 16], "texture": "#0"},
				"south": {"uv": [13.5, 14.7, 16, 16], "texture": "#0"},
				"west": {"uv": [11, 14.7, 16, 16], "texture": "#0"},
				"up": {"uv": [13.5, 11, 16, 16], "texture": "#0"},
				"down": {"uv": [13.5, 11, 16, 16], "texture": "#0"}
			}
		},
		{
			"from": [7, 4.1, -3],
			"to": [9, 6.6, 2],
			"rotation": {"angle": 0, "axis": "y", "origin": [0, 0.1, 0]},
			"faces": {
				"north": {"uv": [14, 13.5, 16, 16], "texture": "#0"},
				"east": {"uv": [11, 13.5, 16, 16], "texture": "#0"},
				"south": {"uv": [14, 13.5, 16, 16], "texture": "#0"},
				"west": {"uv": [11, 13.5, 16, 16], "texture": "#0"},
				"up": {"uv": [14, 11, 16, 16], "texture": "#0"},
				"down": {"uv": [14, 11, 16, 16], "texture": "#0"}
			}
		},
		{
			"from": [7, -0.65, 10.5],
			"to": [9, 4.35, 12.5],
			"rotation": {"angle": -22.5, "axis": "x", "origin": [8, 1.5, 10.75]},
			"faces": {
				"north": {"uv": [14, 11, 16, 16], "texture": "#0"},
				"east": {"uv": [14, 11, 16, 16], "texture": "#0"},
				"south": {"uv": [14, 11, 16, 16], "texture": "#0"},
				"west": {"uv": [14, 11, 16, 16], "texture": "#0"},
				"up": {"uv": [14, 14, 16, 16], "texture": "#0"},
				"down": {"uv": [14, 14, 16, 16], "texture": "#0"}
			}
		},
		{
			"from": [7.5, 2.25, 8.5],
			"to": [8.5, 4.25, 10.5],
			"faces": {
				"north": {"uv": [6, 8, 7, 10], "texture": "#0"},
				"east": {"uv": [6, 8, 8, 10], "texture": "#0"},
				"south": {"uv": [6, 8, 7, 10], "texture": "#0"},
				"west": {"uv": [6, 8, 8, 10], "texture": "#0"},
				"up": {"uv": [6, 8, 7, 10], "texture": "#0"},
				"down": {"uv": [6, 8, 7, 10], "texture": "#0"}
			}
		},
		{
			"from": [6.75, 4, 2],
			"to": [9.25, 7, 12],
			"faces": {
				"north": {"uv": [0, 0, 2.5, 3], "texture": "#0"},
				"east": {"uv": [0, 0, 10, 3], "texture": "#0"},
				"south": {"uv": [0, 0, 2.5, 3], "texture": "#0"},
				"west": {"uv": [0, 0, 10, 3], "texture": "#0"},
				"up": {"uv": [0.25, 3, 2.75, 13], "texture": "#0"},
				"down": {"uv": [0.25, 3, 2.75, 13], "texture": "#0"}
			}
		},
		{
			"name": "octagon",
			"from": [7.79289, 5.3, -7],
			"to": [8.20711, 6.3, -3],
			"rotation": {"angle": 45, "axis": "z", "origin": [8, 5.8, -4]},
			"faces": {
				"north": {"uv": [2, 2, 3, 3], "texture": "#0"},
				"east": {"uv": [0, 0, 1, 1], "texture": "#0"},
				"south": {"uv": [0, 0, 1, 1], "texture": "#0"},
				"west": {"uv": [0, 0, 1, 1], "texture": "#0"},
				"up": {"uv": [0, 0, 1, 4], "texture": "#0"},
				"down": {"uv": [0, 0, 1, 4], "texture": "#0"}
			}
		},
		{
			"name": "octagon",
			"from": [7.79289, 5.3, -7.02],
			"to": [8.20711, 6.3, -3.02],
			"rotation": {"angle": 0, "axis": "y", "origin": [8, 5.8, -4]},
			"faces": {
				"north": {"uv": [1, 0, 2, 1], "texture": "#0"},
				"east": {"uv": [0, 0, 1, 1], "texture": "#0"},
				"south": {"uv": [0, 0, 1, 1], "texture": "#0"},
				"west": {"uv": [0, 0, 1, 1], "texture": "#0"},
				"up": {"uv": [0, 0, 1, 4], "texture": "#0"},
				"down": {"uv": [0, 0, 1, 4], "texture": "#0"}
			}
		},
		{
			"name": "octagon",
			"from": [7.5, 5.59289, -7],
			"to": [8.5, 6.00711, -3],
			"rotation": {"angle": 45, "axis": "z", "origin": [8, 5.8, -4]},
			"faces": {
				"north": {"uv": [0, 2, 1, 3], "texture": "#0"},
				"east": {"uv": [0, 0, 4, 1], "texture": "#0"},
				"south": {"uv": [0, 0, 1, 1], "texture": "#0"},
				"west": {"uv": [0, 0, 4, 1], "texture": "#0"},
				"up": {"uv": [0, 0, 1, 1], "texture": "#0"},
				"down": {"uv": [0, 0, 1, 1], "texture": "#0"}
			}
		},
		{
			"name": "octagon",
			"from": [7.5, 5.59289, -7.01],
			"to": [8.5, 6.00711, -3.01],
			"rotation": {"angle": 0, "axis": "y", "origin": [8, 5.8, -4]},
			"faces": {
				"north": {"uv": [1, 1, 2, 2], "texture": "#0"},
				"east": {"uv": [0, 0, 4, 1], "texture": "#0"},
				"south": {"uv": [0, 0, 1, 1], "texture": "#0"},
				"west": {"uv": [0, 0, 4, 1], "texture": "#0"},
				"up": {"uv": [0, 0, 1, 1], "texture": "#0"},
				"down": {"uv": [0, 0, 1, 1], "texture": "#0"}
			}
		},
		{
			"name": "octagon",
			"from": [7.79289, 4.35, -13],
			"to": [8.20711, 4.65, -3],
			"rotation": {"angle": 45, "axis": "z", "origin": [8, 4.85, -12]},
			"faces": {
				"north": {"uv": [0, 0, 1, 1], "texture": "#0"},
				"east": {"uv": [0, 0, 1, 1], "texture": "#0"},
				"south": {"uv": [0, 0, 1, 1], "texture": "#0"},
				"west": {"uv": [0, 0, 1, 1], "texture": "#0"},
				"up": {"uv": [0, 0, 1, 1], "texture": "#0"},
				"down": {"uv": [0, 0, 1, 10], "texture": "#0"}
			}
		},
		{
			"name": "octagon",
			"from": [7.79289, 4.35, -13.01],
			"to": [8.20711, 4.65, -3.01],
			"rotation": {"angle": 0, "axis": "z", "origin": [8, 4.85, -12]},
			"faces": {
				"north": {"uv": [0, 1, 1, 2], "texture": "#0"},
				"east": {"uv": [0, 0, 1, 1], "texture": "#0"},
				"south": {"uv": [0, 0, 1, 1], "texture": "#0"},
				"west": {"uv": [0, 0, 1, 1], "texture": "#0"},
				"up": {"uv": [0, 0, 1, 1], "texture": "#0"},
				"down": {"uv": [0, 0, 1, 10], "texture": "#0"}
			}
		},
		{
			"name": "octagon",
			"from": [7.79289, 5.05, -13],
			"to": [8.20711, 5.35, -3],
			"rotation": {"angle": 45, "axis": "z", "origin": [8, 4.85, -12]},
			"faces": {
				"north": {"uv": [0, 0, 1, 1], "texture": "#0"},
				"east": {"uv": [0, 0, 1, 1], "texture": "#0"},
				"south": {"uv": [0, 0, 1, 1], "texture": "#0"},
				"west": {"uv": [0, 0, 1, 1], "texture": "#0"},
				"up": {"uv": [0, 0, 1, 10], "texture": "#0"},
				"down": {"uv": [0, 0, 1, 1], "texture": "#0"}
			}
		},
		{
			"name": "octagon",
			"from": [7.79289, 5.05, -13.01],
			"to": [8.20711, 5.35, -3.01],
			"rotation": {"angle": 0, "axis": "z", "origin": [8, 4.85, -12]},
			"faces": {
				"north": {"uv": [1, 1, 2, 2], "texture": "#0"},
				"east": {"uv": [0, 0, 1, 1], "texture": "#0"},
				"south": {"uv": [0, 0, 1, 1], "texture": "#0"},
				"west": {"uv": [0, 0, 1, 1], "texture": "#0"},
				"up": {"uv": [0, 0, 1, 10], "texture": "#0"},
				"down": {"uv": [0, 0, 1, 1], "texture": "#0"}
			}
		},
		{
			"name": "octagon",
			"from": [7.5, 4.64289, -13],
			"to": [7.8, 5.05711, -3],
			"rotation": {"angle": 45, "axis": "z", "origin": [8, 4.85, -12]},
			"faces": {
				"north": {"uv": [1, 1, 2, 2], "texture": "#0"},
				"east": {"uv": [0, 0, 1, 1], "texture": "#0"},
				"south": {"uv": [0, 0, 1, 1], "texture": "#0"},
				"west": {"uv": [0, 0, 10, 1], "texture": "#0"},
				"up": {"uv": [0, 0, 1, 1], "texture": "#0"},
				"down": {"uv": [0, 0, 1, 1], "texture": "#0"}
			}
		},
		{
			"name": "octagon",
			"from": [7.5, 4.64289, -13.01],
			"to": [7.8, 5.05711, -3.01],
			"rotation": {"angle": 0, "axis": "z", "origin": [8, 4.85, -12]},
			"faces": {
				"north": {"uv": [1, 0, 2, 1], "texture": "#0"},
				"east": {"uv": [0, 0, 1, 1], "texture": "#0"},
				"south": {"uv": [0, 0, 1, 1], "texture": "#0"},
				"west": {"uv": [0, 1, 10, 2], "texture": "#0"},
				"up": {"uv": [0, 0, 1, 1], "texture": "#0"},
				"down": {"uv": [0, 0, 1, 1], "texture": "#0"}
			}
		},
		{
			"name": "octagon",
			"from": [8.2, 4.64289, -13],
			"to": [8.5, 5.05711, -3],
			"rotation": {"angle": 45, "axis": "z", "origin": [8, 4.85, -12]},
			"faces": {
				"north": {"uv": [2, 12, 3, 13], "texture": "#0"},
				"east": {"uv": [0, 0, 10, 1], "texture": "#0"},
				"south": {"uv": [0, 0, 1, 1], "texture": "#0"},
				"west": {"uv": [0, 0, 1, 1], "texture": "#0"},
				"up": {"uv": [0, 0, 1, 1], "texture": "#0"},
				"down": {"uv": [0, 0, 1, 1], "texture": "#0"}
			}
		},
		{
			"name": "octagon",
			"from": [8.2, 4.64289, -13.01],
			"to": [8.5, 5.05711, -3.01],
			"rotation": {"angle": 0, "axis": "z", "origin": [8, 4.85, -12]},
			"faces": {
				"north": {"uv": [1, 2, 2, 3], "texture": "#0"},
				"east": {"uv": [0, 0, 10, 1], "texture": "#0"},
				"south": {"uv": [0, 0, 1, 1], "texture": "#0"},
				"west": {"uv": [0, 0, 1, 1], "texture": "#0"},
				"up": {"uv": [0, 0, 1, 1], "texture": "#0"},
				"down": {"uv": [0, 0, 1, 1], "texture": "#0"}
			}
		},
		{
			"from": [7.5, 5.05, -11.5],
			"to": [8.5, 6.55, -11],
			"faces": {
				"north": {"uv": [1, 1, 2, 2.5], "texture": "#0"},
				"east": {"uv": [0, 0, 0.5, 1.5], "texture": "#0"},
				"south": {"uv": [0, 0, 1, 1.5], "texture": "#0"},
				"west": {"uv": [0, 0, 0.5, 1.5], "texture": "#0"},
				"up": {"uv": [0, 0, 1, 0.5], "texture": "#0"},
				"down": {"uv": [0, 0, 1, 0.5], "texture": "#0"}
			}
		},
		{
			"from": [8.15, 6.55, -11.4],
			"to": [8.4, 7.05, -11],
			"faces": {
				"north": {"uv": [0, 0, 0.25, 0.5], "texture": "#0"},
				"east": {"uv": [0, 0, 0.4, 0.5], "texture": "#0"},
				"south": {"uv": [0, 0, 0.25, 0.5], "texture": "#0"},
				"west": {"uv": [0, 0, 0.4, 0.5], "texture": "#0"},
				"up": {"uv": [0, 0, 0.25, 0.4], "texture": "#0"},
				"down": {"uv": [0, 0, 0.25, 0.4], "texture": "#0"}
			}
		},
		{
			"from": [7.6, 6.55, -11.4],
			"to": [7.85, 7.05, -11],
			"faces": {
				"north": {"uv": [0, 0, 0.25, 0.5], "texture": "#0"},
				"east": {"uv": [0, 0, 0.4, 0.5], "texture": "#0"},
				"south": {"uv": [0, 0, 0.25, 0.5], "texture": "#0"},
				"west": {"uv": [0, 0, 0.4, 0.5], "texture": "#0"},
				"up": {"uv": [0, 0, 0.25, 0.4], "texture": "#0"},
				"down": {"uv": [0, 0, 0.25, 0.4], "texture": "#0"}
			}
		},
		{
			"name": "octagon",
			"from": [7.84467, 4.475, -12.75],
			"to": [8.15533, 5.225, -12.75],
			"rotation": {"angle": 45, "axis": "z", "origin": [8, 4.85, -10.5]},
			"faces": {
				"north": {"uv": [6, 6, 7, 7], "texture": "#0"},
				"east": {"uv": [6, 6, 7, 7], "texture": "#0"},
				"south": {"uv": [6, 6, 7, 7], "texture": "#0"},
				"west": {"uv": [6, 6, 7, 7], "texture": "#0"},
				"up": {"uv": [6, 6, 7, 7], "texture": "#0"},
				"down": {"uv": [6, 6, 7, 7], "texture": "#0"}
			}
		},
		{
			"name": "octagon",
			"from": [7.84467, 4.475, -12.75],
			"to": [8.15533, 5.225, -12.75],
			"rotation": {"angle": 0, "axis": "y", "origin": [8, 4.85, -10.5]},
			"faces": {
				"north": {"uv": [6, 6, 7, 7], "texture": "#0"},
				"east": {"uv": [6, 6, 7, 7], "texture": "#0"},
				"south": {"uv": [6, 6, 7, 7], "texture": "#0"},
				"west": {"uv": [6, 6, 7, 7], "texture": "#0"},
				"up": {"uv": [6, 6, 7, 7], "texture": "#0"},
				"down": {"uv": [6, 6, 7, 7], "texture": "#0"}
			}
		},
		{
			"name": "octagon",
			"from": [7.625, 4.69467, -12.75],
			"to": [8.375, 5.00533, -12.75],
			"rotation": {"angle": 45, "axis": "z", "origin": [8, 4.85, -10.5]},
			"faces": {
				"north": {"uv": [6, 6, 7, 7], "texture": "#0"},
				"east": {"uv": [6, 6, 7, 7], "texture": "#0"},
				"south": {"uv": [6, 6, 7, 7], "texture": "#0"},
				"west": {"uv": [6, 6, 7, 7], "texture": "#0"},
				"up": {"uv": [6, 6, 7, 7], "texture": "#0"},
				"down": {"uv": [6, 6, 7, 7], "texture": "#0"}
			}
		},
		{
			"name": "octagon",
			"from": [7.625, 4.69467, -12.75],
			"to": [8.375, 5.00533, -12.75],
			"rotation": {"angle": 0, "axis": "y", "origin": [8, 4.85, -10.5]},
			"faces": {
				"north": {"uv": [6, 6, 7, 7], "texture": "#0"},
				"east": {"uv": [6, 6, 7, 7], "texture": "#0"},
				"south": {"uv": [6, 6, 7, 7], "texture": "#0"},
				"west": {"uv": [6, 6, 7, 7], "texture": "#0"},
				"up": {"uv": [6, 6, 7, 7], "texture": "#0"},
				"down": {"uv": [6, 6, 7, 7], "texture": "#0"}
			}
		},
		{
			"from": [7.25, 0, 4.25],
			"to": [8.75, 4, 7.25],
			"rotation": {"angle": 0, "axis": "y", "origin": [7, 2, 5.25]},
			"faces": {
				"north": {"uv": [11.25, 0, 12.75, 4], "texture": "#0"},
				"east": {"uv": [13, 0, 16, 4], "texture": "#0"},
				"south": {"uv": [14.5, 0, 16, 4], "texture": "#0"},
				"west": {"uv": [13, 0, 16, 4], "texture": "#0"},
				"up": {"uv": [14.5, 0, 16, 3], "texture": "#0"},
				"down": {"uv": [14.5, 0, 16, 3], "texture": "#0"}
			}
		},
		{
			"from": [7.26, -3.31, 3.79],
			"to": [8.76, 0.69, 6.79],
			"rotation": {"angle": 22.5, "axis": "x", "origin": [8, -0.8, 5.35]},
			"faces": {
				"north": {"uv": [11.25, 0, 12.75, 4], "texture": "#0"},
				"east": {"uv": [13, 0, 16, 4], "texture": "#0"},
				"south": {"uv": [14.5, 0, 16, 4], "texture": "#0"},
				"west": {"uv": [13, 0, 16, 4], "texture": "#0"},
				"up": {"uv": [14.5, 0, 16, 3], "texture": "#0"},
				"down": {"uv": [14.5, 0, 16, 3], "texture": "#0"}
			}
		}
	],
	"display": {
		"thirdperson_righthand": {
			"translation": [0, 4, 0]
		},
		"thirdperson_lefthand": {
			"translation": [0, 4, 0]
		},
		"firstperson_righthand": {
			"translation": [-8.84, 7.8, 3.75]
		},
		"firstperson_lefthand": {
			"translation": [-8.84, 7.8, 3.75]
		},
		"ground": {
			"rotation": [0, 0, -90],
			"translation": [3.25, -2.25, 1.5],
			"scale": [0.9, 0.9, 0.9]
		},
		"gui": {
			"rotation": [13, 136, 0],
			"translation": [-0.75, 3.5, 0]
		},
		"head": {
			"translation": [0, 9.75, -13.75],
			"scale": [3, 3, 0.5]
		},
		"fixed": {
			"rotation": [0, -90, 0],
			"translation": [-1.75, 3.5, 0.25]
		}
	},
	"groups": [
		{
			"name": "stock",
			"origin": [8, 8, 8],
			"color": 0,
			"children": [0, 1, 2, 3, 4, 5, 6, 7, 8]
		},
		{
			"name": "gun_base",
			"origin": [0, 0, 0],
			"color": 0,
			"children": [9, 10, 11, 12]
		},
		{
			"name": "magazine",
			"origin": [0, -0.5, -0.25],
			"color": 0,
			"children": []
		},
		{
			"name": "above_barrel",
			"origin": [8, 8, 8],
			"color": 0,
			"children": [13, 14, 15, 16]
		},
		{
			"name": "barrel",
			"origin": [8, 8, 8],
			"color": 0,
			"children": [17, 18, 19, 20, 21, 22, 23, 24]
		},
		{
			"name": "iron_sight",
			"origin": [0, 0, 0],
			"color": 0,
			"children": [25, 26, 27]
		},
		{
			"name": "hole",
			"origin": [8, 8, 8],
			"color": 0,
			"children": [28, 29, 30, 31]
		},
		32,
		33
	]
}