{
	"credit": "Made with Blockbench",
	"textures": {
		"1": "gun_ammo/thompson_machine_gun"
	},
	"elements": [
		{
			"name": "handle",
			"from": [1.001, 4.75, 8.5],
			"to": [3.001, 9.75, 10.5],
			"rotation": {"angle": -22.5, "axis": "x", "origin": [2, 6.5, 11]},
			"faces": {
				"north": {"uv": [0, 11, 2, 16], "texture": "#1"},
				"east": {"uv": [0, 11, 2, 16], "texture": "#1"},
				"south": {"uv": [0, 11, 2, 16], "texture": "#1"},
				"west": {"uv": [0, 11, 2, 16], "texture": "#1"},
				"up": {"uv": [0, 14, 2, 16], "texture": "#1"},
				"down": {"uv": [0, 11, 2, 13], "texture": "#1"}
			}
		},
		{
			"name": "base",
			"from": [1, 8.4, 1],
			"to": [3, 10.4, 15],
			"rotation": {"angle": 0, "axis": "x", "origin": [2, 6.5, 11]},
			"faces": {
				"north": {"uv": [0, 0, 2, 2], "texture": "#1"},
				"east": {"uv": [0, 0, 14, 2], "texture": "#1"},
				"south": {"uv": [0, 0, 2, 2], "texture": "#1"},
				"west": {"uv": [0, 0, 14, 2], "texture": "#1"},
				"up": {"uv": [14, 0, 16, 14], "texture": "#1"},
				"down": {"uv": [14, 0, 16, 14], "texture": "#1"}
			}
		},
		{
			"name": "octagon",
			"from": [0.75736, 2.5, 4.5],
			"to": [3.24264, 8.5, 6.5],
			"rotation": {"angle": 45, "axis": "z", "origin": [2, 5.5, 4.5]},
			"faces": {
				"north": {"uv": [14, 9, 16, 14], "texture": "#1"},
				"east": {"uv": [0, 0, 1, 1], "texture": "#1"},
				"south": {"uv": [14, 6, 16, 11], "texture": "#1"},
				"west": {"uv": [0, 0, 1, 1], "texture": "#1"},
				"up": {"uv": [14, 5, 16, 7], "texture": "#1"},
				"down": {"uv": [3, 0, 5, 2], "texture": "#1"}
			}
		},
		{
			"name": "octagon",
			"from": [0.75736, 2.5, 4.501],
			"to": [3.24264, 8.5, 6.501],
			"rotation": {"angle": 0, "axis": "z", "origin": [2, 5.5, 4.5]},
			"faces": {
				"north": {"uv": [14, 9, 16, 14], "texture": "#1"},
				"east": {"uv": [0, 0, 1, 1], "texture": "#1"},
				"south": {"uv": [14, 9, 16, 14], "texture": "#1"},
				"west": {"uv": [0, 0, 1, 1], "texture": "#1"},
				"up": {"uv": [0, 0, 1, 1], "texture": "#1"},
				"down": {"uv": [5, 0, 7, 2], "texture": "#1"}
			}
		},
		{
			"name": "octagon",
			"from": [-1, 4.25736, 4.511],
			"to": [5, 6.74264, 6.511],
			"rotation": {"angle": 45, "axis": "z", "origin": [2, 5.5, 4.5]},
			"faces": {
				"north": {"uv": [0, 0, 5, 2], "texture": "#1"},
				"east": {"uv": [5, 0, 7, 2], "texture": "#1"},
				"south": {"uv": [0, 0, 5, 2], "texture": "#1"},
				"west": {"uv": [11, 0, 13, 2], "texture": "#1"},
				"up": {"uv": [0, 0, 1, 1], "texture": "#1"},
				"down": {"uv": [0, 0, 1, 1], "texture": "#1"}
			}
		},
		{
			"name": "octagon",
			"from": [-1, 4.25736, 4.499],
			"to": [5, 6.74264, 6.499],
			"rotation": {"angle": 0, "axis": "z", "origin": [2, 5.5, 4.5]},
			"faces": {
				"north": {"uv": [5, 0, 10, 2], "texture": "#1"},
				"east": {"uv": [0, 0, 2, 2], "texture": "#1"},
				"south": {"uv": [5, 0, 10, 2], "texture": "#1"},
				"west": {"uv": [14, 0, 16, 2], "texture": "#1"},
				"up": {"uv": [0, 0, 1, 1], "texture": "#1"},
				"down": {"uv": [0, 0, 1, 1], "texture": "#1"}
			}
		},
		{
			"name": "octagon",
			"from": [1.63756, 8.525, -8],
			"to": [2.36244, 10.275, 1],
			"rotation": {"angle": 45, "axis": "z", "origin": [2, 9.4, -2]},
			"faces": {
				"north": {"uv": [0, 0, 1, 1], "texture": "#1"},
				"east": {"uv": [0, 0, 1, 1], "texture": "#1"},
				"south": {"uv": [0, 0, 1, 1], "texture": "#1"},
				"west": {"uv": [0, 0, 1, 1], "texture": "#1"},
				"up": {"uv": [14, 0, 15, 11], "texture": "#1"},
				"down": {"uv": [15, 3, 16, 14], "texture": "#1"}
			}
		},
		{
			"name": "octagon",
			"from": [1.63756, 8.525, -8],
			"to": [2.36244, 10.275, 1],
			"rotation": {"angle": 0, "axis": "y", "origin": [2, 9.4, -2]},
			"faces": {
				"north": {"uv": [0, 0, 1, 1], "texture": "#1"},
				"east": {"uv": [0, 0, 1, 1], "texture": "#1"},
				"south": {"uv": [0, 0, 1, 1], "texture": "#1"},
				"west": {"uv": [0, 0, 1, 1], "texture": "#1"},
				"up": {"uv": [14, 0, 15, 11], "texture": "#1"},
				"down": {"uv": [15, 2, 16, 13], "texture": "#1"}
			}
		},
		{
			"name": "octagon",
			"from": [1.125, 9.03756, -8],
			"to": [2.875, 9.76244, 1],
			"rotation": {"angle": 45, "axis": "z", "origin": [2, 9.4, -2]},
			"faces": {
				"north": {"uv": [0, 0, 1, 1], "texture": "#1"},
				"east": {"uv": [1, 1, 12, 2], "texture": "#1"},
				"south": {"uv": [0, 0, 1, 1], "texture": "#1"},
				"west": {"uv": [5, 0, 16, 1], "texture": "#1"},
				"up": {"uv": [0, 0, 1, 1], "texture": "#1"},
				"down": {"uv": [0, 0, 1, 1], "texture": "#1"}
			}
		},
		{
			"name": "octagon",
			"from": [1.125, 9.03756, -8],
			"to": [2.875, 9.76244, 1],
			"rotation": {"angle": 0, "axis": "y", "origin": [2, 9.4, -2]},
			"faces": {
				"north": {"uv": [0, 0, 1, 1], "texture": "#1"},
				"east": {"uv": [5, 1, 16, 2], "texture": "#1"},
				"south": {"uv": [0, 0, 1, 1], "texture": "#1"},
				"west": {"uv": [0, 0, 11, 1], "texture": "#1"},
				"up": {"uv": [0, 0, 1, 1], "texture": "#1"},
				"down": {"uv": [0, 0, 1, 1], "texture": "#1"}
			}
		},
		{
			"name": "octagon",
			"from": [1.72817, 8.89375, -9.25],
			"to": [2.27183, 9.26875, -9.25],
			"rotation": {"angle": 45, "axis": "z", "origin": [2, 9.55, -3.25]},
			"faces": {
				"north": {"uv": [0, 5, 1, 6], "texture": "#1"},
				"east": {"uv": [0, 0, 1, 1], "texture": "#1"},
				"south": {"uv": [0, 0, 1, 1], "texture": "#1"},
				"west": {"uv": [0, 0, 1, 1], "texture": "#1"},
				"up": {"uv": [0, 0, 1, 1], "texture": "#1"},
				"down": {"uv": [14, 3, 15, 5], "texture": "#1"}
			}
		},
		{
			"name": "octagon",
			"from": [1.72817, 9.83125, -9.25],
			"to": [2.27183, 10.20625, -9.25],
			"rotation": {"angle": 45, "axis": "z", "origin": [2, 9.55, -3.25]},
			"faces": {
				"north": {"uv": [0, 5, 0, 6], "texture": "#1"},
				"east": {"uv": [0, 0, 1, 1], "texture": "#1"},
				"south": {"uv": [0, 0, 1, 1], "texture": "#1"},
				"west": {"uv": [0, 0, 1, 1], "texture": "#1"},
				"up": {"uv": [15, 0, 16, 2], "texture": "#1"},
				"down": {"uv": [0, 0, 1, 1], "texture": "#1"}
			}
		},
		{
			"name": "octagon",
			"from": [1.72817, 8.89375, -9.2575],
			"to": [2.27183, 9.26875, -9.2575],
			"rotation": {"angle": 0, "axis": "y", "origin": [2, 9.55, -3.25]},
			"faces": {
				"north": {"uv": [0, 5, 1, 6], "texture": "#1"},
				"east": {"uv": [0, 0, 1, 1], "texture": "#1"},
				"south": {"uv": [0, 0, 1, 1], "texture": "#1"},
				"west": {"uv": [0, 0, 1, 1], "texture": "#1"},
				"up": {"uv": [0, 0, 1, 1], "texture": "#1"},
				"down": {"uv": [2, 0, 4, 1], "texture": "#1"}
			}
		},
		{
			"name": "octagon",
			"from": [1.72817, 9.08125, -9.2575],
			"to": [2.27183, 10.20625, -9.2575],
			"rotation": {"angle": 0, "axis": "y", "origin": [2, 9.55, -3.25]},
			"faces": {
				"north": {"uv": [0, 5, 1, 6], "texture": "#1"},
				"east": {"uv": [0, 0, 1, 1], "texture": "#1"},
				"south": {"uv": [0, 0, 1, 1], "texture": "#1"},
				"west": {"uv": [0, 0, 1, 1], "texture": "#1"},
				"up": {"uv": [14, 11, 15, 13], "texture": "#1"},
				"down": {"uv": [0, 0, 1, 1], "texture": "#1"}
			}
		},
		{
			"name": "octagon",
			"from": [2.28125, 9.27817, -9.25],
			"to": [2.65625, 9.82183, -9.25],
			"rotation": {"angle": 45, "axis": "z", "origin": [2, 9.55, -3.25]},
			"faces": {
				"north": {"uv": [0, 6, 1, 7], "texture": "#1"},
				"east": {"uv": [4, 1, 6, 2], "texture": "#1"},
				"south": {"uv": [0, 0, 1, 1], "texture": "#1"},
				"west": {"uv": [0, 0, 1, 1], "texture": "#1"},
				"up": {"uv": [0, 0, 1, 1], "texture": "#1"},
				"down": {"uv": [0, 0, 1, 1], "texture": "#1"}
			}
		},
		{
			"name": "octagon",
			"from": [1.34375, 9.27817, -9.25],
			"to": [1.71875, 9.82183, -9.25],
			"rotation": {"angle": 45, "axis": "z", "origin": [2, 9.55, -3.25]},
			"faces": {
				"north": {"uv": [0, 5, 1, 6], "texture": "#1"},
				"east": {"uv": [0, 0, 1, 1], "texture": "#1"},
				"south": {"uv": [0, 0, 1, 1], "texture": "#1"},
				"west": {"uv": [4, 1, 6, 2], "texture": "#1"},
				"up": {"uv": [0, 0, 1, 1], "texture": "#1"},
				"down": {"uv": [0, 0, 1, 1], "texture": "#1"}
			}
		},
		{
			"name": "octagon",
			"from": [1.34375, 9.27817, -9.2575],
			"to": [2.46875, 9.82183, -9.2575],
			"rotation": {"angle": 0, "axis": "y", "origin": [2, 9.55, -3.25]},
			"faces": {
				"north": {"uv": [0, 6, 1, 7], "texture": "#1"},
				"east": {"uv": [0, 0, 11, 1], "texture": "#1"},
				"south": {"uv": [0, 0, 1, 1], "texture": "#1"},
				"west": {"uv": [14, 2, 16, 3], "texture": "#1"},
				"up": {"uv": [0, 0, 1, 1], "texture": "#1"},
				"down": {"uv": [0, 0, 1, 1], "texture": "#1"}
			}
		},
		{
			"name": "octagon",
			"from": [2.28125, 9.27817, -9.2575],
			"to": [2.65625, 9.82183, -9.2575],
			"rotation": {"angle": 0, "axis": "y", "origin": [2, 9.55, -3.25]},
			"faces": {
				"north": {"uv": [0, 6, 1, 7], "texture": "#1"},
				"east": {"uv": [12, 0, 14, 1], "texture": "#1"},
				"south": {"uv": [0, 0, 1, 1], "texture": "#1"},
				"west": {"uv": [0, 0, 11, 1], "texture": "#1"},
				"up": {"uv": [0, 0, 1, 1], "texture": "#1"},
				"down": {"uv": [0, 0, 1, 1], "texture": "#1"}
			}
		},
		{
			"name": "octagon",
			"from": [1.63756, 8.525, -10],
			"to": [2.36244, 9.025, -8],
			"rotation": {"angle": 45, "axis": "z", "origin": [2, 9.4, -2]},
			"faces": {
				"north": {"uv": [0, 0, 1, 1], "texture": "#1"},
				"east": {"uv": [0, 0, 1, 1], "texture": "#1"},
				"south": {"uv": [0, 0, 1, 1], "texture": "#1"},
				"west": {"uv": [0, 0, 1, 1], "texture": "#1"},
				"up": {"uv": [0, 0, 1, 1], "texture": "#1"},
				"down": {"uv": [14, 3, 15, 5], "texture": "#1"}
			}
		},
		{
			"name": "octagon",
			"from": [1.63756, 9.775, -10],
			"to": [2.36244, 10.275, -8],
			"rotation": {"angle": 45, "axis": "z", "origin": [2, 9.4, -2]},
			"faces": {
				"north": {"uv": [0, 0, 1, 1], "texture": "#1"},
				"east": {"uv": [0, 0, 1, 1], "texture": "#1"},
				"south": {"uv": [0, 0, 1, 1], "texture": "#1"},
				"west": {"uv": [0, 0, 1, 1], "texture": "#1"},
				"up": {"uv": [15, 0, 16, 2], "texture": "#1"},
				"down": {"uv": [0, 0, 1, 1], "texture": "#1"}
			}
		},
		{
			"name": "octagon",
			"from": [1.63756, 8.525, -10.01],
			"to": [2.36244, 9.025, -8.01],
			"rotation": {"angle": 0, "axis": "z", "origin": [2, 9.4, -2]},
			"faces": {
				"north": {"uv": [10, 0, 11, 1], "texture": "#1"},
				"east": {"uv": [0, 0, 1, 1], "texture": "#1"},
				"south": {"uv": [0, 0, 1, 1], "texture": "#1"},
				"west": {"uv": [0, 0, 1, 1], "texture": "#1"},
				"up": {"uv": [0, 0, 1, 1], "texture": "#1"},
				"down": {"uv": [2, 0, 4, 1], "texture": "#1"}
			}
		},
		{
			"name": "octagon",
			"from": [1.63756, 9.775, -10.01],
			"to": [2.36244, 10.275, -8.01],
			"rotation": {"angle": 0, "axis": "y", "origin": [2, 9.4, -2]},
			"faces": {
				"north": {"uv": [1, 1, 2, 2], "texture": "#1"},
				"east": {"uv": [0, 0, 1, 1], "texture": "#1"},
				"south": {"uv": [0, 0, 1, 1], "texture": "#1"},
				"west": {"uv": [0, 0, 1, 1], "texture": "#1"},
				"up": {"uv": [14, 11, 15, 13], "texture": "#1"},
				"down": {"uv": [0, 0, 1, 1], "texture": "#1"}
			}
		},
		{
			"name": "octagon",
			"from": [1.73756, 10.275, -9.75],
			"to": [2.26244, 10.775, -8.75],
			"rotation": {"angle": 0, "axis": "y", "origin": [2, 9.4, -2]},
			"faces": {
				"north": {"uv": [8, 0, 9, 1], "texture": "#1"},
				"east": {"uv": [0, 0, 1, 1], "texture": "#1"},
				"south": {"uv": [0, 0, 1, 1], "texture": "#1"},
				"west": {"uv": [1, 1, 2, 2], "texture": "#1"},
				"up": {"uv": [0, 0, 1, 1], "texture": "#1"},
				"down": {"uv": [0, 0, 1, 1], "texture": "#1"}
			}
		},
		{
			"name": "octagon",
			"from": [2.375, 9.03756, -10],
			"to": [2.875, 9.76244, -8],
			"rotation": {"angle": 45, "axis": "z", "origin": [2, 9.4, -2]},
			"faces": {
				"north": {"uv": [0, 1, 1, 2], "texture": "#1"},
				"east": {"uv": [4, 1, 6, 2], "texture": "#1"},
				"south": {"uv": [0, 0, 1, 1], "texture": "#1"},
				"west": {"uv": [0, 0, 1, 1], "texture": "#1"},
				"up": {"uv": [0, 0, 1, 1], "texture": "#1"},
				"down": {"uv": [0, 0, 1, 1], "texture": "#1"}
			}
		},
		{
			"name": "octagon",
			"from": [1.125, 9.03756, -10],
			"to": [1.625, 9.76244, -8],
			"rotation": {"angle": 45, "axis": "z", "origin": [2, 9.4, -2]},
			"faces": {
				"north": {"uv": [7, 0, 8, 1], "texture": "#1"},
				"east": {"uv": [0, 0, 1, 1], "texture": "#1"},
				"south": {"uv": [0, 0, 1, 1], "texture": "#1"},
				"west": {"uv": [4, 1, 6, 2], "texture": "#1"},
				"up": {"uv": [0, 0, 1, 1], "texture": "#1"},
				"down": {"uv": [0, 0, 1, 1], "texture": "#1"}
			}
		},
		{
			"name": "octagon",
			"from": [1.125, 9.03756, -10.01],
			"to": [1.625, 9.76244, -8.01],
			"rotation": {"angle": 0, "axis": "z", "origin": [2, 9.4, -2]},
			"faces": {
				"north": {"uv": [4, 1, 5, 2], "texture": "#1"},
				"east": {"uv": [0, 0, 11, 1], "texture": "#1"},
				"south": {"uv": [0, 0, 1, 1], "texture": "#1"},
				"west": {"uv": [14, 2, 16, 3], "texture": "#1"},
				"up": {"uv": [0, 0, 1, 1], "texture": "#1"},
				"down": {"uv": [0, 0, 1, 1], "texture": "#1"}
			}
		},
		{
			"name": "octagon",
			"from": [2.375, 9.03756, -10.01],
			"to": [2.875, 9.76244, -8.01],
			"rotation": {"angle": 0, "axis": "y", "origin": [2, 9.4, -2]},
			"faces": {
				"north": {"uv": [1, 1, 2, 2], "texture": "#1"},
				"east": {"uv": [12, 0, 14, 1], "texture": "#1"},
				"south": {"uv": [0, 0, 1, 1], "texture": "#1"},
				"west": {"uv": [0, 0, 11, 1], "texture": "#1"},
				"up": {"uv": [0, 0, 1, 1], "texture": "#1"},
				"down": {"uv": [0, 0, 1, 1], "texture": "#1"}
			}
		},
		{
			"from": [1.0001, 3.61888, -4.67283],
			"to": [3.0001, 8.61888, -2.67283],
			"rotation": {"angle": -22.5, "axis": "x", "origin": [2, 8.61888, -3.67283]},
			"faces": {
				"north": {"uv": [0, 11, 2, 16], "texture": "#1"},
				"east": {"uv": [0, 11, 2, 16], "texture": "#1"},
				"south": {"uv": [0, 11, 2, 16], "texture": "#1"},
				"west": {"uv": [0, 11, 2, 16], "texture": "#1"},
				"up": {"uv": [0, 14, 2, 16], "texture": "#1"},
				"down": {"uv": [0, 14, 2, 16], "texture": "#1"}
			}
		},
		{
			"from": [1, 8.11888, -4.67283],
			"to": [3, 9.11888, 0.32717],
			"rotation": {"angle": 0, "axis": "x", "origin": [2, 6.61888, 9.32717]},
			"faces": {
				"north": {"uv": [4, 15, 6, 16], "texture": "#1"},
				"east": {"uv": [2, 15, 7, 16], "texture": "#1"},
				"south": {"uv": [2, 15, 4, 16], "texture": "#1"},
				"west": {"uv": [2, 15, 7, 16], "texture": "#1"},
				"up": {"uv": [0, 11, 2, 16], "texture": "#1"},
				"down": {"uv": [0, 11, 2, 16], "texture": "#1"}
			}
		},
		{
			"from": [1, 6.4, 13],
			"to": [3, 8.4, 20.4],
			"rotation": {"angle": 0, "axis": "y", "origin": [2, 6.5, 10]},
			"faces": {
				"north": {"uv": [8, 12, 10, 14], "texture": "#1"},
				"east": {"uv": [8, 14, 16, 16], "texture": "#1"},
				"south": {"uv": [10, 14, 12, 16], "texture": "#1"},
				"west": {"uv": [8, 14, 16, 16], "texture": "#1"},
				"up": {"uv": [8, 8, 10, 16], "texture": "#1"},
				"down": {"uv": [8, 8, 10, 16], "texture": "#1"}
			}
		},
		{
			"from": [1, 5.4, 18],
			"to": [3, 6.4, 21],
			"rotation": {"angle": 0, "axis": "y", "origin": [2, 6.5, 10]},
			"faces": {
				"north": {"uv": [0, 0, 2, 1], "texture": "#1"},
				"east": {"uv": [4, 15, 7, 16], "texture": "#1"},
				"south": {"uv": [0, 0, 2, 1], "texture": "#1"},
				"west": {"uv": [0, 15, 3, 16], "texture": "#1"},
				"up": {"uv": [0, 13, 2, 16], "texture": "#1"},
				"down": {"uv": [0, 13, 2, 16], "texture": "#1"}
			}
		},
		{
			"from": [1.001, 4.95, 13.75],
			"to": [3.001, 6.95, 21.75],
			"rotation": {"angle": 22.5, "axis": "x", "origin": [2, 7.4, 17]},
			"faces": {
				"north": {"uv": [10, 14, 12, 16], "texture": "#1"},
				"east": {"uv": [8, 14, 16, 16], "texture": "#1"},
				"south": {"uv": [8, 12, 10, 14], "texture": "#1"},
				"west": {"uv": [8, 14, 16, 16], "texture": "#1"},
				"up": {"uv": [8, 8, 10, 16], "texture": "#1"},
				"down": {"uv": [8, 8, 10, 16], "texture": "#1"}
			}
		},
		{
			"from": [0.999, 3.3, 20.4],
			"to": [2.999, 8.4, 22.4],
			"rotation": {"angle": 0, "axis": "y", "origin": [2, 6.5, 10]},
			"faces": {
				"north": {"uv": [0, 10.9, 2, 16], "texture": "#1"},
				"east": {"uv": [0, 11, 2, 16], "texture": "#1"},
				"south": {"uv": [0, 11, 2, 16], "texture": "#1"},
				"west": {"uv": [0, 11, 2, 16], "texture": "#1"},
				"up": {"uv": [0, 14, 2, 16], "texture": "#1"},
				"down": {"uv": [0, 13, 2, 15], "texture": "#1"}
			}
		}
	],
	"display": {
		"thirdperson_righthand": {
			"translation": [6, 0.25, 0.5]
		},
		"thirdperson_lefthand": {
			"translation": [-5.75, 0.25, 0.5]
		},
		"firstperson_righthand": {
			"translation": [-2.75, 3, 0.25]
		},
		"firstperson_lefthand": {
			"translation": [-2.75, 3, 0.25]
		},
		"ground": {
			"rotation": [0, 0, 90],
			"translation": [0, 4.5, 0],
			"scale": [0.9, 0.9, 0.9]
		},
		"gui": {
			"rotation": [14, 127, 0],
			"translation": [-1.75, 1.25, 0],
			"scale": [0.95, 0.95, 0.95]
		},
		"head": {
			"translation": [6.25, 0, 0]
		},
		"fixed": {
			"rotation": [0, -90, 0],
			"translation": [-2, 0, 6.25]
		}
	},
	"groups": [
		0,
		1,
		{
			"name": "drum",
			"origin": [8, 8, 8],
			"color": 0,
			"children": [2, 3, 4, 5]
		},
		{
			"name": "barrel",
			"origin": [8, 8, 8],
			"color": 0,
			"children": [6, 7, 8, 9]
		},
		{
			"name": "hole",
			"origin": [8, 8, 8],
			"color": 0,
			"children": [10, 11, 12, 13, 14, 15, 16, 17]
		},
		{
			"name": "barrel_tip",
			"origin": [8, 8, 8],
			"color": 0,
			"children": [18, 19, 20, 21, 22, 23, 24, 25, 26]
		},
		{
			"name": "grip",
			"origin": [2, 6.61888, 9.32717],
			"color": 0,
			"children": [27, 28]
		},
		{
			"name": "stock",
			"origin": [2, 6.5, 10],
			"color": 0,
			"children": [29, 30, 31, 32]
		}
	]
}